0003873563,201,000001,1,VT,2023-11-22 00:00:00.000,2030-11-30 00:00:00.000,,admin,0,0
0003873578,202,000002,1,VT,2023-11-22 00:00:00.000,2030-11-30 00:00:00.000,,admin,0,0
0003873577,203,000003,1,VT,2023-11-22 00:00:00.000,2030-11-30 00:00:00.000,,admin,0,0
0003873570,204,000004,1,VT,2023-11-22 00:00:00.000,2030-11-30 00:00:00.000,,admin,0,0
0003873579,206,000006,1,VT,2023-11-22 00:00:00.000,2030-11-30 00:00:00.000,,admin,0,0
0003873580,207,000007,1,VT,2023-11-22 00:00:00.000,2030-11-30 00:00:00.000,,admin,0,0
0003873581,212,000012,1,VT,2023-11-22 00:00:00.000,2030-11-30 00:00:00.000,,admin,0,0
0003873567,214,000014,1,VT,2023-11-22 00:00:00.000,2030-11-30 00:00:00.000,,admin,0,0
0003873564,218,000018,1,VT,2023-11-22 00:00:00.000,2030-11-30 00:00:00.000,,admin,0,0
0003873561,222,000022,1,VT,2023-11-22 00:00:00.000,2030-11-30 00:00:00.000,,admin,0,0
0003873565,223,000023,1,VT,2023-11-22 00:00:00.000,2030-11-30 00:00:00.000,,admin,0,0
0003873556,225,000025,1,VT,2023-11-22 00:00:00.000,2030-11-30 00:00:00.000,,admin,0,0
0003832004,227,000027,1,VT,2023-11-22 00:00:00.000,2030-11-30 00:00:00.000,,admin,0,0
0003835549,228,000028,1,VT,2023-11-22 00:00:00.000,2030-11-30 00:00:00.000,,admin,0,0
0003831997,230,000030,1,VT,2023-11-22 00:00:00.000,2030-11-30 00:00:00.000,,admin,0,0
0003832002,231,000031,1,VT,2023-11-22 00:00:00.000,2030-11-30 00:00:00.000,,admin,0,0
0003832005,232,000032,1,VT,2023-11-22 00:00:00.000,2030-11-30 00:00:00.000,,admin,0,0
0003831999,234,000034,1,VT,2023-11-22 00:00:00.000,2030-11-30 00:00:00.000,,admin,0,0
0003831993,236,000036,1,VT,2023-11-22 00:00:00.000,2030-11-30 00:00:00.000,,admin,0,0
0003831994,237,000037,1,VT,2023-11-22 00:00:00.000,2030-11-30 00:00:00.000,,admin,0,0
0003831992,241,000041,1,VT,2023-11-22 00:00:00.000,2030-11-30 00:00:00.000,,admin,0,0
0003832009,242,000042,1,VT,2023-11-22 00:00:00.000,2030-11-30 00:00:00.000,,admin,0,0
0003832015,245,000045,1,VT,2023-11-22 00:00:00.000,2030-11-30 00:00:00.000,,admin,0,0
0003832011,248,000048,1,VT,2023-11-22 00:00:00.000,2030-11-30 00:00:00.000,,admin,0,0
0003831983,251,000051,1,VT,2023-11-22 00:00:00.000,2030-11-30 00:00:00.000,,admin,0,0
0003831970,252,000052,1,VT,2023-11-22 00:00:00.000,2030-11-30 00:00:00.000,,admin,0,0
0003831990,254,000054,1,VT,2023-11-22 00:00:00.000,2030-11-30 00:00:00.000,,admin,0,0
0003831991,255,000055,1,VT,2023-11-22 00:00:00.000,2030-11-30 00:00:00.000,,admin,0,0
0003831971,257,000057,1,VT,2023-11-22 00:00:00.000,2030-11-30 00:00:00.000,,admin,0,0
0003831984,258,000058,1,VT,2023-11-22 00:00:00.000,2030-11-30 00:00:00.000,,admin,0,0
0003831989,259,000059,1,VT,2023-11-22 00:00:00.000,2030-11-30 00:00:00.000,,admin,0,0
0003831981,261,000061,1,VT,2023-11-22 00:00:00.000,2030-11-30 00:00:00.000,,admin,0,0
0003831972,262,000062,1,VT,2023-11-22 00:00:00.000,2030-11-30 00:00:00.000,,admin,0,0
0003831966,264,000064,1,VT,2023-11-22 00:00:00.000,2030-11-30 00:00:00.000,,admin,0,0
0003833130,265,000065,1,VT,2023-11-22 00:00:00.000,2030-11-30 00:00:00.000,,admin,0,0
0003831974,267,000067,1,VT,2023-11-22 00:00:00.000,2030-11-30 00:00:00.000,,admin,0,0
0003831985,268,000068,1,VT,2023-11-22 00:00:00.000,2030-11-30 00:00:00.000,,admin,0,0
0003831976,271,000071,1,VT,2023-11-22 00:00:00.000,2030-11-30 00:00:00.000,,admin,0,0
0003831987,274,000074,1,VT,2023-11-22 00:00:00.000,2030-11-30 00:00:00.000,,admin,0,0
0003873453,277,000077,1,VT,2023-11-22 00:00:00.000,2030-11-30 00:00:00.000,,admin,0,0
0003831962,278,000078,1,VT,2023-11-22 00:00:00.000,2030-11-30 00:00:00.000,,admin,0,0
0003831963,280,000080,1,VT,2023-11-22 00:00:00.000,2030-11-30 00:00:00.000,,admin,0,0
0003831954,281,000081,1,VT,2023-11-22 00:00:00.000,2030-11-30 00:00:00.000,,admin,0,0
0003831979,283,000083,1,VT,2023-11-22 00:00:00.000,2030-11-30 00:00:00.000,,admin,0,0
0003831960,284,000084,1,VT,2023-11-22 00:00:00.000,2030-11-30 00:00:00.000,,admin,0,0
0003873450,287,000087,1,VT,2023-11-22 00:00:00.000,2030-11-30 00:00:00.000,,admin,0,0
0003831955,293,000093,1,VT,2023-11-22 00:00:00.000,2030-11-30 00:00:00.000,,admin,0,0
0003831965,295,000095,1,VT,2023-11-22 00:00:00.000,2030-11-30 00:00:00.000,,admin,0,0
0003873447,296,000096,1,VT,2023-11-22 00:00:00.000,2030-11-30 00:00:00.000,,admin,0,0
0003831957,298,000098,1,VT,2023-11-22 00:00:00.000,2030-11-30 00:00:00.000,,admin,0,0
0003831980,299,000099,1,VT,2023-11-22 00:00:00.000,2030-11-30 00:00:00.000,,admin,0,0
0003873442,302,000102,1,VT,2023-11-22 00:00:00.000,2030-11-30 00:00:00.000,,admin,0,0
0003873431,304,000104,1,VT,2023-11-22 00:00:00.000,2030-11-30 00:00:00.000,,admin,0,0
0003873430,305,000105,1,VT,2023-11-22 00:00:00.000,2030-11-30 00:00:00.000,,admin,0,0
0003873445,306,000106,1,VT,2023-11-22 00:00:00.000,2030-11-30 00:00:00.000,,admin,0,0
0003873423,307,000107,1,VT,2023-11-22 00:00:00.000,2030-11-30 00:00:00.000,,admin,0,0
0003873427,308,000108,1,VT,2023-11-22 00:00:00.000,2030-11-30 00:00:00.000,,admin,0,0
0003873433,310,000110,1,VT,2023-11-22 00:00:00.000,2030-11-30 00:00:00.000,,admin,0,0
0003873443,311,000111,1,VT,2023-11-22 00:00:00.000,2030-11-30 00:00:00.000,,admin,0,0
0003873439,313,000113,1,VT,2023-11-22 00:00:00.000,2030-11-30 00:00:00.000,,admin,0,0
0003873422,314,000114,1,VT,2023-11-22 00:00:00.000,2030-11-30 00:00:00.000,,admin,0,0
0003873440,318,000118,1,VT,2023-11-22 00:00:00.000,2030-11-30 00:00:00.000,,admin,0,0
0003873435,320,000120,1,VT,2023-11-22 00:00:00.000,2030-11-30 00:00:00.000,,admin,0,0
0003831951,321,000121,1,VT,2023-11-22 00:00:00.000,2030-11-30 00:00:00.000,,admin,0,0
0003873424,323,000123,1,VT,2023-11-22 00:00:00.000,2030-11-30 00:00:00.000,,admin,0,0
0003873436,324,000124,1,VT,2023-11-22 00:00:00.000,2030-11-30 00:00:00.000,,admin,0,0
0003873496,327,000127,1,VT,2023-11-22 00:00:00.000,2030-11-30 00:00:00.000,,admin,0,0
0003873487,330,000130,1,VT,2023-11-22 00:00:00.000,2030-11-30 00:00:00.000,,admin,0,0
0003873493,333,000133,1,VT,2023-11-22 00:00:00.000,2030-11-30 00:00:00.000,,admin,0,0
0003873485,334,000134,1,VT,2023-11-22 00:00:00.000,2030-11-30 00:00:00.000,,admin,0,0
0003873497,336,000136,1,VT,2023-11-22 00:00:00.000,2030-11-30 00:00:00.000,,admin,0,0
0003873514,337,000137,1,VT,2023-11-22 00:00:00.000,2030-11-30 00:00:00.000,,admin,0,0
0003873490,339,000139,1,VT,2023-11-22 00:00:00.000,2030-11-30 00:00:00.000,,admin,0,0
0003873489,340,000140,1,VT,2023-11-22 00:00:00.000,2030-11-30 00:00:00.000,,admin,0,0
0003873492,343,000143,1,VT,2023-11-22 00:00:00.000,2030-11-30 00:00:00.000,,admin,0,0
0003873491,344,000144,1,VT,2023-11-22 00:00:00.000,2030-11-30 00:00:00.000,,admin,0,0
0003873499,346,000146,1,VT,2023-11-22 00:00:00.000,2030-11-30 00:00:00.000,,admin,0,0
0003873498,347,000147,1,VT,2023-11-22 00:00:00.000,2030-11-30 00:00:00.000,,admin,0,0
0003873474,349,000149,1,VT,2023-11-22 00:00:00.000,2030-11-30 00:00:00.000,,admin,0,0
0003873476,350,000150,1,VT,2023-11-22 00:00:00.000,2030-11-30 00:00:00.000,,admin,0,0
0003873522,353,000153,1,VT,2023-11-22 00:00:00.000,2030-11-30 00:00:00.000,,admin,0,0
0003873519,356,000156,1,VT,2023-11-22 00:00:00.000,2030-11-30 00:00:00.000,,admin,0,0
0003873508,359,000159,1,VT,2023-11-22 00:00:00.000,2030-11-30 00:00:00.000,,admin,0,0
0003873511,360,000160,1,VT,2023-11-22 00:00:00.000,2030-11-30 00:00:00.000,,admin,0,0
0003873518,362,000162,1,VT,2023-11-22 00:00:00.000,2030-11-30 00:00:00.000,,admin,0,0
0003873503,363,000163,1,VT,2023-11-22 00:00:00.000,2030-11-30 00:00:00.000,,admin,0,0
0003873527,365,000165,1,VT,2023-11-22 00:00:00.000,2030-11-30 00:00:00.000,,admin,0,0
0003873516,366,000166,1,VT,2023-11-22 00:00:00.000,2030-11-30 00:00:00.000,,admin,0,0
0003873507,370,000170,1,VT,2023-11-22 00:00:00.000,2030-11-30 00:00:00.000,,admin,0,0
0003873515,371,000171,1,VT,2023-11-22 00:00:00.000,2030-11-30 00:00:00.000,,admin,0,0
0003873505,374,000174,1,VT,2023-11-22 00:00:00.000,2030-11-30 00:00:00.000,,admin,0,0
0003873550,377,000177,1,VT,2023-11-22 00:00:00.000,2030-11-30 00:00:00.000,,admin,0,0
0003873538,380,000180,1,VT,2023-11-22 00:00:00.000,2030-11-30 00:00:00.000,,admin,0,0
0003873552,381,000181,1,VT,2023-11-22 00:00:00.000,2030-11-30 00:00:00.000,,admin,0,0
0003873547,383,000183,1,VT,2023-11-22 00:00:00.000,2030-11-30 00:00:00.000,,admin,0,0
0003873528,384,000184,1,VT,2023-11-22 00:00:00.000,2030-11-30 00:00:00.000,,admin,0,0
0003873553,386,000186,1,VT,2023-11-22 00:00:00.000,2030-11-30 00:00:00.000,,admin,0,0
0003873574,387,000187,1,VT,2023-11-22 00:00:00.000,2030-11-30 00:00:00.000,,admin,0,0
0003873571,205,000005,1,VT,2023-11-22 00:00:00.000,2030-11-30 00:00:00.000,,admin,0,0
0003873576,208,000008,1,VT,2023-11-22 00:00:00.000,2030-11-30 00:00:00.000,,admin,0,0
0003873558,215,000015,1,VT,2023-11-22 00:00:00.000,2030-11-30 00:00:00.000,,admin,0,0
0003832000,239,000039,1,VT,2023-11-22 00:00:00.000,2030-11-30 00:00:00.000,,admin,0,0
0003832001,244,000044,1,VT,2023-11-22 00:00:00.000,2030-11-30 00:00:00.000,,admin,0,0
0003832012,249,000049,1,VT,2023-11-22 00:00:00.000,2030-11-30 00:00:00.000,,admin,0,0
0003831988,275,000075,1,VT,2023-11-22 00:00:00.000,2030-11-30 00:00:00.000,,admin,0,0
0003873471,331,000131,1,VT,2023-11-22 00:00:00.000,2030-11-30 00:00:00.000,,admin,0,0
0003873512,341,000141,1,VT,2023-11-22 00:00:00.000,2030-11-30 00:00:00.000,,admin,0,0
0003873502,357,000157,1,VT,2023-11-22 00:00:00.000,2030-11-30 00:00:00.000,,admin,0,0
0003873548,378,000178,1,VT,2023-11-22 00:00:00.000,2030-11-30 00:00:00.000,,admin,0,0
0003873530,388,000188,1,VT,2023-11-22 00:00:00.000,2030-11-30 00:00:00.000,,admin,0,0
0003873535,390,000190,1,VT,2023-11-22 00:00:00.000,2030-11-30 00:00:00.000,,admin,0,0
0003873572,391,000191,1,VT,2023-11-22 00:00:00.000,2030-11-30 00:00:00.000,,admin,0,0
0003873531,393,000193,1,VT,2023-11-22 00:00:00.000,2030-11-30 00:00:00.000,,admin,0,0
0003873554,397,000197,1,VT,2023-11-22 00:00:00.000,2030-11-30 00:00:00.000,,admin,0,0
0003873532,399,000199,1,VT,2023-11-22 00:00:00.000,2030-11-30 00:00:00.000,,admin,0,0
0003873529,400,000200,1,VT,2023-11-22 00:00:00.000,2030-11-30 00:00:00.000,,admin,0,0
0003811767,402,000202,1,VT,2023-11-22 00:00:00.000,2030-11-30 00:00:00.000,,admin,0,0
0003811765,403,000203,1,VT,2023-11-22 00:00:00.000,2030-11-30 00:00:00.000,,admin,0,0
0003811764,404,000204,1,VT,2023-11-22 00:00:00.000,2030-11-30 00:00:00.000,,admin,0,0
0003811785,405,000205,1,VT,2023-11-22 00:00:00.000,2030-11-30 00:00:00.000,,admin,0,0
0003811768,407,000207,1,VT,2023-11-22 00:00:00.000,2030-11-30 00:00:00.000,,admin,0,0
0003811750,408,000208,1,VT,2023-11-22 00:00:00.000,2030-11-30 00:00:00.000,,admin,0,0
0003811770,411,000211,1,VT,2023-11-22 00:00:00.000,2030-11-30 00:00:00.000,,admin,0,0
0003811771,416,000216,1,VT,2023-11-22 00:00:00.000,2030-11-30 00:00:00.000,,admin,0,0
0003811753,417,000217,1,VT,2023-11-22 00:00:00.000,2030-11-30 00:00:00.000,,admin,0,0
0003811762,419,000219,1,VT,2023-11-22 00:00:00.000,2030-11-30 00:00:00.000,,admin,0,0
0003811754,421,000221,1,VT,2023-11-22 00:00:00.000,2030-11-30 00:00:00.000,,admin,0,0
0003811752,422,000222,1,VT,2023-11-22 00:00:00.000,2030-11-30 00:00:00.000,,admin,0,0
0003811790,425,000225,1,VT,2023-11-22 00:00:00.000,2030-11-30 00:00:00.000,,admin,0,0
0003812646,429,000229,1,VT,2023-11-22 00:00:00.000,2030-11-30 00:00:00.000,,admin,0,0
0003811755,430,000230,1,VT,2023-11-22 00:00:00.000,2030-11-30 00:00:00.000,,admin,0,0
0003811730,431,000231,1,VT,2023-11-22 00:00:00.000,2030-11-30 00:00:00.000,,admin,0,0
0003812675,434,000234,1,VT,2023-11-22 00:00:00.000,2030-11-30 00:00:00.000,,admin,0,0
0003811756,435,000235,1,VT,2023-11-22 00:00:00.000,2030-11-30 00:00:00.000,,admin,0,0
0003811759,438,000238,1,VT,2023-11-22 00:00:00.000,2030-11-30 00:00:00.000,,admin,0,0
0003812676,439,000239,1,VT,2023-11-22 00:00:00.000,2030-11-30 00:00:00.000,,admin,0,0
0003873539,441,000241,1,VT,2023-11-22 00:00:00.000,2030-11-30 00:00:00.000,,admin,0,0
0003812705,444,000244,1,VT,2023-11-22 00:00:00.000,2030-11-30 00:00:00.000,,admin,0,0
0003873540,446,000246,1,VT,2023-11-22 00:00:00.000,2030-11-30 00:00:00.000,,admin,0,0
0003873542,447,000247,1,VT,2023-11-22 00:00:00.000,2030-11-30 00:00:00.000,,admin,0,0
0003812645,449,000249,1,VT,2023-11-22 00:00:00.000,2030-11-30 00:00:00.000,,admin,0,0
0003811757,450,000250,1,VT,2023-11-22 00:00:00.000,2030-11-30 00:00:00.000,,admin,0,0
0003873463,452,000252,1,VT,2023-11-22 00:00:00.000,2030-11-30 00:00:00.000,,admin,0,0
0003873461,453,000253,1,VT,2023-11-22 00:00:00.000,2030-11-30 00:00:00.000,,admin,0,0
0003873462,457,000257,1,VT,2023-11-22 00:00:00.000,2030-11-30 00:00:00.000,,admin,0,0
0003873479,460,000260,1,VT,2023-11-22 00:00:00.000,2030-11-30 00:00:00.000,,admin,0,0
0003873457,464,000264,1,VT,2023-11-22 00:00:00.000,2030-11-30 00:00:00.000,,admin,0,0
0003873458,465,000265,1,VT,2023-11-22 00:00:00.000,2030-11-30 00:00:00.000,,admin,0,0
0003873464,467,000267,1,VT,2023-11-22 00:00:00.000,2030-11-30 00:00:00.000,,admin,0,0
0003873483,468,000268,1,VT,2023-11-22 00:00:00.000,2030-11-30 00:00:00.000,,admin,0,0
0003873456,469,000269,1,VT,2023-11-22 00:00:00.000,2030-11-30 00:00:00.000,,admin,0,0
0003873467,471,000271,1,VT,2023-11-22 00:00:00.000,2030-11-30 00:00:00.000,,admin,0,0
0003873484,472,000272,1,VT,2023-11-22 00:00:00.000,2030-11-30 00:00:00.000,,admin,0,0
0003873455,475,000275,1,VT,2023-11-22 00:00:00.000,2030-11-30 00:00:00.000,,admin,0,0
0003859344,476,000276,1,VT,2023-11-22 00:00:00.000,2030-11-30 00:00:00.000,,admin,0,0
0003861205,479,000279,1,VT,2023-11-22 00:00:00.000,2030-11-30 00:00:00.000,,admin,0,0
0003861204,480,000280,1,VT,2023-11-22 00:00:00.000,2030-11-30 00:00:00.000,,admin,0,0
0003859338,482,000282,1,VT,2023-11-22 00:00:00.000,2030-11-30 00:00:00.000,,admin,0,0
0003875097,484,000284,1,VT,2023-11-22 00:00:00.000,2030-11-30 00:00:00.000,,admin,0,0
0003859337,487,000287,1,VT,2023-11-22 00:00:00.000,2030-11-30 00:00:00.000,,admin,0,0
0003859334,488,000288,1,VT,2023-11-22 00:00:00.000,2030-11-30 00:00:00.000,,admin,0,0
0003875098,489,000289,1,VT,2023-11-22 00:00:00.000,2030-11-30 00:00:00.000,,admin,0,0
0003861207,490,000290,1,VT,2023-11-22 00:00:00.000,2030-11-30 00:00:00.000,,admin,0,0
0003859336,492,000292,1,VT,2023-11-22 00:00:00.000,2030-11-30 00:00:00.000,,admin,0,0
0003875099,494,000294,1,VT,2023-11-22 00:00:00.000,2030-11-30 00:00:00.000,,admin,0,0
0003861208,495,000295,1,VT,2023-11-22 00:00:00.000,2030-11-30 00:00:00.000,,admin,0,0
0003859340,496,000296,1,VT,2023-11-22 00:00:00.000,2030-11-30 00:00:00.000,,admin,0,0
0003833096,501,000301,1,VT,2023-11-22 00:00:00.000,2030-11-30 00:00:00.000,,admin,0,0
0003833097,506,000306,1,VT,2023-11-22 00:00:00.000,2030-11-30 00:00:00.000,,admin,0,0
0003833098,511,000311,1,VT,2023-11-22 00:00:00.000,2030-11-30 00:00:00.000,,admin,0,0
0003833112,512,000312,1,VT,2023-11-22 00:00:00.000,2030-11-30 00:00:00.000,,admin,0,0
0003833093,513,000313,1,VT,2023-11-22 00:00:00.000,2030-11-30 00:00:00.000,,admin,0,0
0003833092,514,000314,1,VT,2023-11-22 00:00:00.000,2030-11-30 00:00:00.000,,admin,0,0
0003833078,515,000315,1,VT,2023-11-22 00:00:00.000,2030-11-30 00:00:00.000,,admin,0,0
0003872692,517,000317,1,VT,2023-11-22 00:00:00.000,2030-11-30 00:00:00.000,,admin,0,0
0003833110,522,000322,1,VT,2023-11-22 00:00:00.000,2030-11-30 00:00:00.000,,admin,0,0
0003833081,523,000323,1,VT,2023-11-22 00:00:00.000,2030-11-30 00:00:00.000,,admin,0,0
0003811823,526,000326,1,VT,2023-11-22 00:00:00.000,2030-11-30 00:00:00.000,,admin,0,0
0003811822,531,000331,1,VT,2023-11-22 00:00:00.000,2030-11-30 00:00:00.000,,admin,0,0
0003811821,532,000332,1,VT,2023-11-22 00:00:00.000,2030-11-30 00:00:00.000,,admin,0,0
0003811848,533,000333,1,VT,2023-11-22 00:00:00.000,2030-11-30 00:00:00.000,,admin,0,0
0003811810,536,000336,1,VT,2023-11-22 00:00:00.000,2030-11-30 00:00:00.000,,admin,0,0
0003811811,537,000337,1,VT,2023-11-22 00:00:00.000,2030-11-30 00:00:00.000,,admin,0,0
0003811826,538,000338,1,VT,2023-11-22 00:00:00.000,2030-11-30 00:00:00.000,,admin,0,0
0003811827,539,000339,1,VT,2023-11-22 00:00:00.000,2030-11-30 00:00:00.000,,admin,0,0
0003811829,540,000340,1,VT,2023-11-22 00:00:00.000,2030-11-30 00:00:00.000,,admin,0,0
0003811847,543,000343,1,VT,2023-11-22 00:00:00.000,2030-11-30 00:00:00.000,,admin,0,0
0003811828,544,000344,1,VT,2023-11-22 00:00:00.000,2030-11-30 00:00:00.000,,admin,0,0
0003811843,545,000345,1,VT,2023-11-22 00:00:00.000,2030-11-30 00:00:00.000,,admin,0,0
0003811808,546,000346,1,VT,2023-11-22 00:00:00.000,2030-11-30 00:00:00.000,,admin,0,0
0003811820,547,000347,1,VT,2023-11-22 00:00:00.000,2030-11-30 00:00:00.000,,admin,0,0
0003811845,549,000349,1,VT,2023-11-22 00:00:00.000,2030-11-30 00:00:00.000,,admin,0,0
0003811796,551,000351,1,VT,2023-11-22 00:00:00.000,2030-11-30 00:00:00.000,,admin,0,0
0003811781,557,000357,1,VT,2023-11-22 00:00:00.000,2030-11-30 00:00:00.000,,admin,0,0
0003811795,558,000358,1,VT,2023-11-22 00:00:00.000,2030-11-30 00:00:00.000,,admin,0,0
0003811814,560,000360,1,VT,2023-11-22 00:00:00.000,2030-11-30 00:00:00.000,,admin,0,0
0003873568,209,000009,1,VT,2023-11-22 00:00:00.000,2030-11-30 00:00:00.000,,admin,0,0
0003873569,210,000010,1,VT,2023-11-22 00:00:00.000,2030-11-30 00:00:00.000,,admin,0,0
0003873582,217,000017,1,VT,2023-11-22 00:00:00.000,2030-11-30 00:00:00.000,,admin,0,0
0003873566,219,000019,1,VT,2023-11-22 00:00:00.000,2030-11-30 00:00:00.000,,admin,0,0
0003873560,221,000021,1,VT,2023-11-22 00:00:00.000,2030-11-30 00:00:00.000,,admin,0,0
0003873559,224,000024,1,VT,2023-11-22 00:00:00.000,2030-11-30 00:00:00.000,,admin,0,0
0003832003,226,000026,1,VT,2023-11-22 00:00:00.000,2030-11-30 00:00:00.000,,admin,0,0
0003831998,229,000029,1,VT,2023-11-22 00:00:00.000,2030-11-30 00:00:00.000,,admin,0,0
0003832010,246,000046,1,VT,2023-11-22 00:00:00.000,2030-11-30 00:00:00.000,,admin,0,0
0003831982,256,000056,1,VT,2023-11-22 00:00:00.000,2030-11-30 00:00:00.000,,admin,0,0
0003831975,266,000066,1,VT,2023-11-22 00:00:00.000,2030-11-30 00:00:00.000,,admin,0,0
0003831967,269,000069,1,VT,2023-11-22 00:00:00.000,2030-11-30 00:00:00.000,,admin,0,0
0003831973,272,000072,1,VT,2023-11-22 00:00:00.000,2030-11-30 00:00:00.000,,admin,0,0
0003873452,282,000082,1,VT,2023-11-22 00:00:00.000,2030-11-30 00:00:00.000,,admin,0,0
0003831964,285,000085,1,VT,2023-11-22 00:00:00.000,2030-11-30 00:00:00.000,,admin,0,0
0003831956,288,000088,1,VT,2023-11-22 00:00:00.000,2030-11-30 00:00:00.000,,admin,0,0
0003831978,290,000090,1,VT,2023-11-22 00:00:00.000,2030-11-30 00:00:00.000,,admin,0,0
0003873448,292,000092,1,VT,2023-11-22 00:00:00.000,2030-11-30 00:00:00.000,,admin,0,0
0003831952,297,000097,1,VT,2023-11-22 00:00:00.000,2030-11-30 00:00:00.000,,admin,0,0
0003831977,300,000100,1,VT,2023-11-22 00:00:00.000,2030-11-30 00:00:00.000,,admin,0,0
0003873428,303,000103,1,VT,2023-11-22 00:00:00.000,2030-11-30 00:00:00.000,,admin,0,0
0003873426,312,000112,1,VT,2023-11-22 00:00:00.000,2030-11-30 00:00:00.000,,admin,0,0
0003873434,315,000115,1,VT,2023-11-22 00:00:00.000,2030-11-30 00:00:00.000,,admin,0,0
0003873425,317,000117,1,VT,2023-11-22 00:00:00.000,2030-11-30 00:00:00.000,,admin,0,0
0003873441,322,000122,1,VT,2023-11-22 00:00:00.000,2030-11-30 00:00:00.000,,admin,0,0
0003873419,325,000125,1,VT,2023-11-22 00:00:00.000,2030-11-30 00:00:00.000,,admin,0,0
0003873494,328,000128,1,VT,2023-11-22 00:00:00.000,2030-11-30 00:00:00.000,,admin,0,0
0003873472,338,000138,1,VT,2023-11-22 00:00:00.000,2030-11-30 00:00:00.000,,admin,0,0
0003873473,348,000148,1,VT,2023-11-22 00:00:00.000,2030-11-30 00:00:00.000,,admin,0,0
0003873520,351,000151,1,VT,2023-11-22 00:00:00.000,2030-11-30 00:00:00.000,,admin,0,0
0003873509,354,000154,1,VT,2023-11-22 00:00:00.000,2030-11-30 00:00:00.000,,admin,0,0
0003873526,364,000164,1,VT,2023-11-22 00:00:00.000,2030-11-30 00:00:00.000,,admin,0,0
0003873517,367,000167,1,VT,2023-11-22 00:00:00.000,2030-11-30 00:00:00.000,,admin,0,0
0003873525,369,000169,1,VT,2023-11-22 00:00:00.000,2030-11-30 00:00:00.000,,admin,0,0
0003873500,372,000172,1,VT,2023-11-22 00:00:00.000,2030-11-30 00:00:00.000,,admin,0,0
0003873506,375,000175,1,VT,2023-11-22 00:00:00.000,2030-11-30 00:00:00.000,,admin,0,0
0003873536,385,000185,1,VT,2023-11-22 00:00:00.000,2030-11-30 00:00:00.000,,admin,0,0
0003873573,392,000192,1,VT,2023-11-22 00:00:00.000,2030-11-30 00:00:00.000,,admin,0,0
0003873545,394,000194,1,VT,2023-11-22 00:00:00.000,2030-11-30 00:00:00.000,,admin,0,0
0003811760,409,000209,1,VT,2023-11-22 00:00:00.000,2030-11-30 00:00:00.000,,admin,0,0
0003811769,412,000212,1,VT,2023-11-22 00:00:00.000,2030-11-30 00:00:00.000,,admin,0,0
0003811787,420,000220,1,VT,2023-11-22 00:00:00.000,2030-11-30 00:00:00.000,,admin,0,0
0003811735,426,000226,1,VT,2023-11-22 00:00:00.000,2030-11-30 00:00:00.000,,admin,0,0
0003811734,427,000227,1,VT,2023-11-22 00:00:00.000,2030-11-30 00:00:00.000,,admin,0,0
0003811736,428,000228,1,VT,2023-11-22 00:00:00.000,2030-11-30 00:00:00.000,,admin,0,0
0003811732,437,000237,1,VT,2023-11-22 00:00:00.000,2030-11-30 00:00:00.000,,admin,0,0
0003811758,440,000240,1,VT,2023-11-22 00:00:00.000,2030-11-30 00:00:00.000,,admin,0,0
0003873543,451,000251,1,VT,2023-11-22 00:00:00.000,2030-11-30 00:00:00.000,,admin,0,0
0003873481,458,000258,1,VT,2023-11-22 00:00:00.000,2030-11-30 00:00:00.000,,admin,0,0
0003873480,459,000259,1,VT,2023-11-22 00:00:00.000,2030-11-30 00:00:00.000,,admin,0,0
0003873469,461,000261,1,VT,2023-11-22 00:00:00.000,2030-11-30 00:00:00.000,,admin,0,0
0003873482,463,000263,1,VT,2023-11-22 00:00:00.000,2030-11-30 00:00:00.000,,admin,0,0
0003873478,470,000270,1,VT,2023-11-22 00:00:00.000,2030-11-30 00:00:00.000,,admin,0,0
0003859332,483,000283,1,VT,2023-11-22 00:00:00.000,2030-11-30 00:00:00.000,,admin,0,0
0003859341,491,000291,1,VT,2023-11-22 00:00:00.000,2030-11-30 00:00:00.000,,admin,0,0
0003859335,497,000297,1,VT,2023-11-22 00:00:00.000,2030-11-30 00:00:00.000,,admin,0,0
0003875096,499,000299,1,VT,2023-11-22 00:00:00.000,2030-11-30 00:00:00.000,,admin,0,0
0003833088,505,000305,1,VT,2023-11-22 00:00:00.000,2030-11-30 00:00:00.000,,admin,0,0
0003833113,507,000307,1,VT,2023-11-22 00:00:00.000,2030-11-30 00:00:00.000,,admin,0,0
0003833083,508,000308,1,VT,2023-11-22 00:00:00.000,2030-11-30 00:00:00.000,,admin,0,0
0003811825,528,000328,1,VT,2023-11-22 00:00:00.000,2030-11-30 00:00:00.000,,admin,0,0
0003811841,529,000329,1,VT,2023-11-22 00:00:00.000,2030-11-30 00:00:00.000,,admin,0,0
0003811831,530,000330,1,VT,2023-11-22 00:00:00.000,2030-11-30 00:00:00.000,,admin,0,0
0003811842,534,000334,1,VT,2023-11-22 00:00:00.000,2030-11-30 00:00:00.000,,admin,0,0
0003811801,559,000359,1,VT,2023-11-22 00:00:00.000,2030-11-30 00:00:00.000,,admin,0,0
0003811794,561,000361,1,VT,2023-11-22 00:00:00.000,2030-11-30 00:00:00.000,,admin,0,0
0003811800,564,000364,1,VT,2023-11-22 00:00:00.000,2030-11-30 00:00:00.000,,admin,0,0
0003811784,566,000366,1,VT,2023-11-22 00:00:00.000,2030-11-30 00:00:00.000,,admin,0,0
0003811799,569,000369,1,VT,2023-11-22 00:00:00.000,2030-11-30 00:00:00.000,,admin,0,0
0003811792,571,000371,1,VT,2023-11-22 00:00:00.000,2030-11-30 00:00:00.000,,admin,0,0
0003811793,572,000372,1,VT,2023-11-22 00:00:00.000,2030-11-30 00:00:00.000,,admin,0,0
0003811818,574,000374,1,VT,2023-11-22 00:00:00.000,2030-11-30 00:00:00.000,,admin,0,0
0003863040,576,000376,1,VT,2023-11-22 00:00:00.000,2030-11-30 00:00:00.000,,admin,0,0
0003861168,579,000379,1,VT,2023-11-22 00:00:00.000,2030-11-30 00:00:00.000,,admin,0,0
0003863035,580,000380,1,VT,2023-11-22 00:00:00.000,2030-11-30 00:00:00.000,,admin,0,0
0003863051,583,000383,1,VT,2023-11-22 00:00:00.000,2030-11-30 00:00:00.000,,admin,0,0
0003861167,584,000384,1,VT,2023-11-22 00:00:00.000,2030-11-30 00:00:00.000,,admin,0,0
0003863036,585,000385,1,VT,2023-11-22 00:00:00.000,2030-11-30 00:00:00.000,,admin,0,0
0003863042,586,000386,1,VT,2023-11-22 00:00:00.000,2030-11-30 00:00:00.000,,admin,0,0
0003861166,589,000389,1,VT,2023-11-22 00:00:00.000,2030-11-30 00:00:00.000,,admin,0,0
0003863043,591,000391,1,VT,2023-11-22 00:00:00.000,2030-11-30 00:00:00.000,,admin,0,0
0003861165,594,000394,1,VT,2023-11-22 00:00:00.000,2030-11-30 00:00:00.000,,admin,0,0
0003863038,595,000395,1,VT,2023-11-22 00:00:00.000,2030-11-30 00:00:00.000,,admin,0,0
0003863044,596,000396,1,VT,2023-11-22 00:00:00.000,2030-11-30 00:00:00.000,,admin,0,0
0003863049,597,000397,1,VT,2023-11-22 00:00:00.000,2030-11-30 00:00:00.000,,admin,0,0
0003863054,598,000398,1,VT,2023-11-22 00:00:00.000,2030-11-30 00:00:00.000,,admin,0,0
0003863039,600,000400,1,VT,2023-11-22 00:00:00.000,2030-11-30 00:00:00.000,,admin,0,0
0003863019,601,000401,1,VT,2023-11-22 00:00:00.000,2030-11-30 00:00:00.000,,admin,0,0
0003863014,602,000402,1,VT,2023-11-22 00:00:00.000,2030-11-30 00:00:00.000,,admin,0,0
0003863013,607,000407,1,VT,2023-11-22 00:00:00.000,2030-11-30 00:00:00.000,,admin,0,0
0003835162,608,000408,1,VT,2023-11-22 00:00:00.000,2030-11-30 00:00:00.000,,admin,0,0
0003835165,609,000409,1,VT,2023-11-22 00:00:00.000,2030-11-30 00:00:00.000,,admin,0,0
0003835173,610,000410,1,VT,2023-11-22 00:00:00.000,2030-11-30 00:00:00.000,,admin,0,0
0003863012,612,000412,1,VT,2023-11-22 00:00:00.000,2030-11-30 00:00:00.000,,admin,0,0
0003835171,615,000415,1,VT,2023-11-22 00:00:00.000,2030-11-30 00:00:00.000,,admin,0,0
0003863015,616,000416,1,VT,2023-11-22 00:00:00.000,2030-11-30 00:00:00.000,,admin,0,0
0003835160,618,000418,1,VT,2023-11-22 00:00:00.000,2030-11-30 00:00:00.000,,admin,0,0
0003835167,619,000419,1,VT,2023-11-22 00:00:00.000,2030-11-30 00:00:00.000,,admin,0,0
0003873562,211,000011,1,VT,2023-11-22 00:00:00.000,2030-11-30 00:00:00.000,,admin,0,0
0003873575,213,000013,1,VT,2023-11-22 00:00:00.000,2030-11-30 00:00:00.000,,admin,0,0
0003873583,216,000016,1,VT,2023-11-22 00:00:00.000,2030-11-30 00:00:00.000,,admin,0,0
0003873557,220,000020,1,VT,2023-11-22 00:00:00.000,2030-11-30 00:00:00.000,,admin,0,0
0003832006,233,000033,1,VT,2023-11-22 00:00:00.000,2030-11-30 00:00:00.000,,admin,0,0
0003831996,235,000035,1,VT,2023-11-22 00:00:00.000,2030-11-30 00:00:00.000,,admin,0,0
0003832007,238,000038,1,VT,2023-11-22 00:00:00.000,2030-11-30 00:00:00.000,,admin,0,0
0003832013,240,000040,1,VT,2023-11-22 00:00:00.000,2030-11-30 00:00:00.000,,admin,0,0
0003831995,243,000043,1,VT,2023-11-22 00:00:00.000,2030-11-30 00:00:00.000,,admin,0,0
0003832008,247,000047,1,VT,2023-11-22 00:00:00.000,2030-11-30 00:00:00.000,,admin,0,0
0003832014,250,000050,1,VT,2023-11-22 00:00:00.000,2030-11-30 00:00:00.000,,admin,0,0
0003831969,253,000053,1,VT,2023-11-22 00:00:00.000,2030-11-30 00:00:00.000,,admin,0,0
0003833131,260,000060,1,VT,2023-11-22 00:00:00.000,2030-11-30 00:00:00.000,,admin,0,0
0003831968,263,000063,1,VT,2023-11-22 00:00:00.000,2030-11-30 00:00:00.000,,admin,0,0
0003833129,270,000070,1,VT,2023-11-22 00:00:00.000,2030-11-30 00:00:00.000,,admin,0,0
0003831986,273,000073,1,VT,2023-11-22 00:00:00.000,2030-11-30 00:00:00.000,,admin,0,0
0003873454,276,000076,1,VT,2023-11-22 00:00:00.000,2030-11-30 00:00:00.000,,admin,0,0
0003831961,279,000079,1,VT,2023-11-22 00:00:00.000,2030-11-30 00:00:00.000,,admin,0,0
0003873451,286,000086,1,VT,2023-11-22 00:00:00.000,2030-11-30 00:00:00.000,,admin,0,0
0003831959,289,000089,1,VT,2023-11-22 00:00:00.000,2030-11-30 00:00:00.000,,admin,0,0
0003831953,291,000091,1,VT,2023-11-22 00:00:00.000,2030-11-30 00:00:00.000,,admin,0,0
0003831958,294,000094,1,VT,2023-11-22 00:00:00.000,2030-11-30 00:00:00.000,,admin,0,0
0003873446,301,000101,1,VT,2023-11-22 00:00:00.000,2030-11-30 00:00:00.000,,admin,0,0
0003873432,309,000109,1,VT,2023-11-22 00:00:00.000,2030-11-30 00:00:00.000,,admin,0,0
0003873444,316,000116,1,VT,2023-11-22 00:00:00.000,2030-11-30 00:00:00.000,,admin,0,0
0003873420,319,000119,1,VT,2023-11-22 00:00:00.000,2030-11-30 00:00:00.000,,admin,0,0
0003873495,326,000126,1,VT,2023-11-22 00:00:00.000,2030-11-30 00:00:00.000,,admin,0,0
0003873486,329,000129,1,VT,2023-11-22 00:00:00.000,2030-11-30 00:00:00.000,,admin,0,0
0003873470,332,000132,1,VT,2023-11-22 00:00:00.000,2030-11-30 00:00:00.000,,admin,0,0
0003873488,335,000135,1,VT,2023-11-22 00:00:00.000,2030-11-30 00:00:00.000,,admin,0,0
0003873513,342,000142,1,VT,2023-11-22 00:00:00.000,2030-11-30 00:00:00.000,,admin,0,0
0003873475,345,000145,1,VT,2023-11-22 00:00:00.000,2030-11-30 00:00:00.000,,admin,0,0
0003873521,352,000152,1,VT,2023-11-22 00:00:00.000,2030-11-30 00:00:00.000,,admin,0,0
0003873510,355,000155,1,VT,2023-11-22 00:00:00.000,2030-11-30 00:00:00.000,,admin,0,0
0003873523,358,000158,1,VT,2023-11-22 00:00:00.000,2030-11-30 00:00:00.000,,admin,0,0
0003873501,361,000161,1,VT,2023-11-22 00:00:00.000,2030-11-30 00:00:00.000,,admin,0,0
0003873524,368,000168,1,VT,2023-11-22 00:00:00.000,2030-11-30 00:00:00.000,,admin,0,0
0003873504,373,000173,1,VT,2023-11-22 00:00:00.000,2030-11-30 00:00:00.000,,admin,0,0
0003873549,376,000176,1,VT,2023-11-22 00:00:00.000,2030-11-30 00:00:00.000,,admin,0,0
0003873537,379,000179,1,VT,2023-11-22 00:00:00.000,2030-11-30 00:00:00.000,,admin,0,0
0003873551,382,000182,1,VT,2023-11-22 00:00:00.000,2030-11-30 00:00:00.000,,admin,0,0
0003873546,389,000189,1,VT,2023-11-22 00:00:00.000,2030-11-30 00:00:00.000,,admin,0,0
0003873555,396,000196,1,VT,2023-11-22 00:00:00.000,2030-11-30 00:00:00.000,,admin,0,0
0003873533,398,000198,1,VT,2023-11-22 00:00:00.000,2030-11-30 00:00:00.000,,admin,0,0
0003811766,401,000201,1,VT,2023-11-22 00:00:00.000,2030-11-30 00:00:00.000,,admin,0,0
0003811751,406,000206,1,VT,2023-11-22 00:00:00.000,2030-11-30 00:00:00.000,,admin,0,0
0003811749,413,000213,1,VT,2023-11-22 00:00:00.000,2030-11-30 00:00:00.000,,admin,0,0
0003811761,414,000214,1,VT,2023-11-22 00:00:00.000,2030-11-30 00:00:00.000,,admin,0,0
0003811786,415,000215,1,VT,2023-11-22 00:00:00.000,2030-11-30 00:00:00.000,,admin,0,0
0003811788,418,000218,1,VT,2023-11-22 00:00:00.000,2030-11-30 00:00:00.000,,admin,0,0
0003811763,423,000223,1,VT,2023-11-22 00:00:00.000,2030-11-30 00:00:00.000,,admin,0,0
0003811789,424,000224,1,VT,2023-11-22 00:00:00.000,2030-11-30 00:00:00.000,,admin,0,0
0003811733,432,000232,1,VT,2023-11-22 00:00:00.000,2030-11-30 00:00:00.000,,admin,0,0
0003811737,433,000233,1,VT,2023-11-22 00:00:00.000,2030-11-30 00:00:00.000,,admin,0,0
0003873541,442,000242,1,VT,2023-11-22 00:00:00.000,2030-11-30 00:00:00.000,,admin,0,0
0003811739,443,000243,1,VT,2023-11-22 00:00:00.000,2030-11-30 00:00:00.000,,admin,0,0
0003811740,445,000245,1,VT,2023-11-22 00:00:00.000,2030-11-30 00:00:00.000,,admin,0,0
0003811738,448,000248,1,VT,2023-11-22 00:00:00.000,2030-11-30 00:00:00.000,,admin,0,0
0003873460,454,000254,1,VT,2023-11-22 00:00:00.000,2030-11-30 00:00:00.000,,admin,0,0
0003873459,455,000255,1,VT,2023-11-22 00:00:00.000,2030-11-30 00:00:00.000,,admin,0,0
0003873544,456,000256,1,VT,2023-11-22 00:00:00.000,2030-11-30 00:00:00.000,,admin,0,0
0003873465,462,000262,1,VT,2023-11-22 00:00:00.000,2030-11-30 00:00:00.000,,admin,0,0
0003873466,473,000273,1,VT,2023-11-22 00:00:00.000,2030-11-30 00:00:00.000,,admin,0,0
0003873477,474,000274,1,VT,2023-11-22 00:00:00.000,2030-11-30 00:00:00.000,,admin,0,0
0003859339,477,000277,1,VT,2023-11-22 00:00:00.000,2030-11-30 00:00:00.000,,admin,0,0
0003859333,478,000278,1,VT,2023-11-22 00:00:00.000,2030-11-30 00:00:00.000,,admin,0,0
0003859343,481,000281,1,VT,2023-11-22 00:00:00.000,2030-11-30 00:00:00.000,,admin,0,0
0003861206,485,000285,1,VT,2023-11-22 00:00:00.000,2030-11-30 00:00:00.000,,admin,0,0
0003859342,486,000286,1,VT,2023-11-22 00:00:00.000,2030-11-30 00:00:00.000,,admin,0,0
0003833095,502,000302,1,VT,2023-11-22 00:00:00.000,2030-11-30 00:00:00.000,,admin,0,0
0003833094,503,000303,1,VT,2023-11-22 00:00:00.000,2030-11-30 00:00:00.000,,admin,0,0
0003833077,509,000309,1,VT,2023-11-22 00:00:00.000,2030-11-30 00:00:00.000,,admin,0,0
0003833089,510,000310,1,VT,2023-11-22 00:00:00.000,2030-11-30 00:00:00.000,,admin,0,0
0003833091,519,000319,1,VT,2023-11-22 00:00:00.000,2030-11-30 00:00:00.000,,admin,0,0
0003833090,520,000320,1,VT,2023-11-22 00:00:00.000,2030-11-30 00:00:00.000,,admin,0,0
0003872693,521,000321,1,VT,2023-11-22 00:00:00.000,2030-11-30 00:00:00.000,,admin,0,0
0003833080,524,000324,1,VT,2023-11-22 00:00:00.000,2030-11-30 00:00:00.000,,admin,0,0
0003833079,525,000325,1,VT,2023-11-22 00:00:00.000,2030-11-30 00:00:00.000,,admin,0,0
0003811824,527,000327,1,VT,2023-11-22 00:00:00.000,2030-11-30 00:00:00.000,,admin,0,0
0003811830,535,000335,1,VT,2023-11-22 00:00:00.000,2030-11-30 00:00:00.000,,admin,0,0
0003811809,541,000341,1,VT,2023-11-22 00:00:00.000,2030-11-30 00:00:00.000,,admin,0,0
0003811849,542,000342,1,VT,2023-11-22 00:00:00.000,2030-11-30 00:00:00.000,,admin,0,0
0003811846,548,000348,1,VT,2023-11-22 00:00:00.000,2030-11-30 00:00:00.000,,admin,0,0
0003811844,550,000350,1,VT,2023-11-22 00:00:00.000,2030-11-30 00:00:00.000,,admin,0,0
0003811779,552,000352,1,VT,2023-11-22 00:00:00.000,2030-11-30 00:00:00.000,,admin,0,0
0003811778,553,000353,1,VT,2023-11-22 00:00:00.000,2030-11-30 00:00:00.000,,admin,0,0
0003811812,554,000354,1,VT,2023-11-22 00:00:00.000,2030-11-30 00:00:00.000,,admin,0,0
0003811813,555,000355,1,VT,2023-11-22 00:00:00.000,2030-11-30 00:00:00.000,,admin,0,0
0003811780,556,000356,1,VT,2023-11-22 00:00:00.000,2030-11-30 00:00:00.000,,admin,0,0
0003811782,562,000362,1,VT,2023-11-22 00:00:00.000,2030-11-30 00:00:00.000,,admin,0,0
0003811798,568,000368,1,VT,2023-11-22 00:00:00.000,2030-11-30 00:00:00.000,,admin,0,0
0003811816,570,000370,1,VT,2023-11-22 00:00:00.000,2030-11-30 00:00:00.000,,admin,0,0
0003811817,575,000375,1,VT,2023-11-22 00:00:00.000,2030-11-30 00:00:00.000,,admin,0,0
0003863050,578,000378,1,VT,2023-11-22 00:00:00.000,2030-11-30 00:00:00.000,,admin,0,0
0003863041,581,000381,1,VT,2023-11-22 00:00:00.000,2030-11-30 00:00:00.000,,admin,0,0
0003863046,582,000382,1,VT,2023-11-22 00:00:00.000,2030-11-30 00:00:00.000,,admin,0,0
0003863037,590,000390,1,VT,2023-11-22 00:00:00.000,2030-11-30 00:00:00.000,,admin,0,0
0003863018,606,000406,1,VT,2023-11-22 00:00:00.000,2030-11-30 00:00:00.000,,admin,0,0
0003873534,395,000195,1,VT,2023-11-22 00:00:00.000,2030-11-30 00:00:00.000,,admin,0,0
0003811791,410,000210,1,VT,2023-11-22 00:00:00.000,2030-11-30 00:00:00.000,,admin,0,0
0003811731,436,000236,1,VT,2023-11-22 00:00:00.000,2030-11-30 00:00:00.000,,admin,0,0
0003873468,466,000266,1,VT,2023-11-22 00:00:00.000,2030-11-30 00:00:00.000,,admin,0,0
0003859331,493,000293,1,VT,2023-11-22 00:00:00.000,2030-11-30 00:00:00.000,,admin,0,0
0003859330,498,000298,1,VT,2023-11-22 00:00:00.000,2030-11-30 00:00:00.000,,admin,0,0
0003875100,500,000300,1,VT,2023-11-22 00:00:00.000,2030-11-30 00:00:00.000,,admin,0,0
0003833087,504,000304,1,VT,2023-11-22 00:00:00.000,2030-11-30 00:00:00.000,,admin,0,0
0003833111,516,000316,1,VT,2023-11-22 00:00:00.000,2030-11-30 00:00:00.000,,admin,0,0
0003833082,518,000318,1,VT,2023-11-22 00:00:00.000,2030-11-30 00:00:00.000,,admin,0,0
0003835163,603,000403,1,VT,2023-11-22 00:00:00.000,2030-11-30 00:00:00.000,,admin,0,0
0003835164,604,000404,1,VT,2023-11-22 00:00:00.000,2030-11-30 00:00:00.000,,admin,0,0
0003835161,613,000413,1,VT,2023-11-22 00:00:00.000,2030-11-30 00:00:00.000,,admin,0,0
0003835170,620,000420,1,VT,2023-11-22 00:00:00.000,2030-11-30 00:00:00.000,,admin,0,0
0003863017,621,000421,1,VT,2023-11-22 00:00:00.000,2030-11-30 00:00:00.000,,admin,0,0
0003835169,625,000425,1,VT,2023-11-22 00:00:00.000,2030-11-30 00:00:00.000,,admin,0,0
0003861154,627,000427,1,VT,2023-11-22 00:00:00.000,2030-11-30 00:00:00.000,,admin,0,0
0003861159,628,000428,1,VT,2023-11-22 00:00:00.000,2030-11-30 00:00:00.000,,admin,0,0
0003835133,630,000430,1,VT,2023-11-22 00:00:00.000,2030-11-30 00:00:00.000,,admin,0,0
0003861155,632,000432,1,VT,2023-11-22 00:00:00.000,2030-11-30 00:00:00.000,,admin,0,0
0003861160,633,000433,1,VT,2023-11-22 00:00:00.000,2030-11-30 00:00:00.000,,admin,0,0
0003861151,636,000436,1,VT,2023-11-22 00:00:00.000,2030-11-30 00:00:00.000,,admin,0,0
0003835130,639,000439,1,VT,2023-11-22 00:00:00.000,2030-11-30 00:00:00.000,,admin,0,0
0003861157,642,000442,1,VT,2023-11-22 00:00:00.000,2030-11-30 00:00:00.000,,admin,0,0
0003861162,643,000443,1,VT,2023-11-22 00:00:00.000,2030-11-30 00:00:00.000,,admin,0,0
0003861153,646,000446,1,VT,2023-11-22 00:00:00.000,2030-11-30 00:00:00.000,,admin,0,0
0003835128,649,000449,1,VT,2023-11-22 00:00:00.000,2030-11-30 00:00:00.000,,admin,0,0
0003816014,652,000452,1,VT,2023-11-22 00:00:00.000,2030-11-30 00:00:00.000,,admin,0,0
0003816009,653,000453,1,VT,2023-11-22 00:00:00.000,2030-11-30 00:00:00.000,,admin,0,0
0003816290,654,000454,1,VT,2023-11-22 00:00:00.000,2030-11-30 00:00:00.000,,admin,0,0
0003816289,655,000455,1,VT,2023-11-22 00:00:00.000,2030-11-30 00:00:00.000,,admin,0,0
0003816013,657,000457,1,VT,2023-11-22 00:00:00.000,2030-11-30 00:00:00.000,,admin,0,0
0003816007,663,000463,1,VT,2023-11-22 00:00:00.000,2030-11-30 00:00:00.000,,admin,0,0
0003816292,664,000464,1,VT,2023-11-22 00:00:00.000,2030-11-30 00:00:00.000,,admin,0,0
0003816287,665,000465,1,VT,2023-11-22 00:00:00.000,2030-11-30 00:00:00.000,,admin,0,0
0003816011,667,000467,1,VT,2023-11-22 00:00:00.000,2030-11-30 00:00:00.000,,admin,0,0
0003816015,671,000471,1,VT,2023-11-22 00:00:00.000,2030-11-30 00:00:00.000,,admin,0,0
0003816285,675,000475,1,VT,2023-11-22 00:00:00.000,2030-11-30 00:00:00.000,,admin,0,0
0003812558,677,000477,1,VT,2023-11-22 00:00:00.000,2030-11-30 00:00:00.000,,admin,0,0
0003812518,678,000478,1,VT,2023-11-22 00:00:00.000,2030-11-30 00:00:00.000,,admin,0,0
0003855318,680,000480,1,VT,2023-11-22 00:00:00.000,2030-11-30 00:00:00.000,,admin,0,0
0003812557,682,000482,1,VT,2023-11-22 00:00:00.000,2030-11-30 00:00:00.000,,admin,0,0
0003812519,683,000483,1,VT,2023-11-22 00:00:00.000,2030-11-30 00:00:00.000,,admin,0,0
0003855319,685,000485,1,VT,2023-11-22 00:00:00.000,2030-11-30 00:00:00.000,,admin,0,0
0003812521,689,000489,1,VT,2023-11-22 00:00:00.000,2030-11-30 00:00:00.000,,admin,0,0
0003812560,691,000491,1,VT,2023-11-22 00:00:00.000,2030-11-30 00:00:00.000,,admin,0,0
0003812555,692,000492,1,VT,2023-11-22 00:00:00.000,2030-11-30 00:00:00.000,,admin,0,0
0003812552,693,000493,1,VT,2023-11-22 00:00:00.000,2030-11-30 00:00:00.000,,admin,0,0
0003812559,696,000496,1,VT,2023-11-22 00:00:00.000,2030-11-30 00:00:00.000,,admin,0,0
0003812550,699,000499,1,VT,2023-11-22 00:00:00.000,2030-11-30 00:00:00.000,,admin,0,0
0003855322,700,000500,1,VT,2023-11-22 00:00:00.000,2030-11-30 00:00:00.000,,admin,0,0
0003875035,701,000501,1,VT,2023-11-22 00:00:00.000,2030-11-30 00:00:00.000,,admin,0,0
0003875030,702,000502,1,VT,2023-11-22 00:00:00.000,2030-11-30 00:00:00.000,,admin,0,0
0003863266,703,000503,1,VT,2023-11-22 00:00:00.000,2030-11-30 00:00:00.000,,admin,0,0
0003861137,705,000505,1,VT,2023-11-22 00:00:00.000,2030-11-30 00:00:00.000,,admin,0,0
0003875029,707,000507,1,VT,2023-11-22 00:00:00.000,2030-11-30 00:00:00.000,,admin,0,0
0003863267,708,000508,1,VT,2023-11-22 00:00:00.000,2030-11-30 00:00:00.000,,admin,0,0
0003861136,710,000510,1,VT,2023-11-22 00:00:00.000,2030-11-30 00:00:00.000,,admin,0,0
0003875033,711,000511,1,VT,2023-11-22 00:00:00.000,2030-11-30 00:00:00.000,,admin,0,0
0003875028,712,000512,1,VT,2023-11-22 00:00:00.000,2030-11-30 00:00:00.000,,admin,0,0
0003875025,713,000513,1,VT,2023-11-22 00:00:00.000,2030-11-30 00:00:00.000,,admin,0,0
0003875032,716,000516,1,VT,2023-11-22 00:00:00.000,2030-11-30 00:00:00.000,,admin,0,0
0003875027,717,000517,1,VT,2023-11-22 00:00:00.000,2030-11-30 00:00:00.000,,admin,0,0
0003875031,721,000521,1,VT,2023-11-22 00:00:00.000,2030-11-30 00:00:00.000,,admin,0,0
0003875026,722,000522,1,VT,2023-11-22 00:00:00.000,2030-11-30 00:00:00.000,,admin,0,0
0003875021,724,000524,1,VT,2023-11-22 00:00:00.000,2030-11-30 00:00:00.000,,admin,0,0
0003815989,726,000526,1,VT,2023-11-22 00:00:00.000,2030-11-30 00:00:00.000,,admin,0,0
0003815994,727,000527,1,VT,2023-11-22 00:00:00.000,2030-11-30 00:00:00.000,,admin,0,0
0003875071,730,000530,1,VT,2023-11-22 00:00:00.000,2030-11-30 00:00:00.000,,admin,0,0
0003815990,731,000531,1,VT,2023-11-22 00:00:00.000,2030-11-30 00:00:00.000,,admin,0,0
0003815995,732,000532,1,VT,2023-11-22 00:00:00.000,2030-11-30 00:00:00.000,,admin,0,0
0003875069,734,000534,1,VT,2023-11-22 00:00:00.000,2030-11-30 00:00:00.000,,admin,0,0
0003815992,741,000541,1,VT,2023-11-22 00:00:00.000,2030-11-30 00:00:00.000,,admin,0,0
0003875067,744,000544,1,VT,2023-11-22 00:00:00.000,2030-11-30 00:00:00.000,,admin,0,0
0003816003,748,000548,1,VT,2023-11-22 00:00:00.000,2030-11-30 00:00:00.000,,admin,0,0
0003875066,749,000549,1,VT,2023-11-22 00:00:00.000,2030-11-30 00:00:00.000,,admin,0,0
0003854605,753,000553,1,VT,2023-11-22 00:00:00.000,2030-11-30 00:00:00.000,,admin,0,0
0003836682,754,000554,1,VT,2023-11-22 00:00:00.000,2030-11-30 00:00:00.000,,admin,0,0
0003854614,756,000556,1,VT,2023-11-22 00:00:00.000,2030-11-30 00:00:00.000,,admin,0,0
0003836681,759,000559,1,VT,2023-11-22 00:00:00.000,2030-11-30 00:00:00.000,,admin,0,0
0003836684,760,000560,1,VT,2023-11-22 00:00:00.000,2030-11-30 00:00:00.000,,admin,0,0
0003854603,763,000563,1,VT,2023-11-22 00:00:00.000,2030-11-30 00:00:00.000,,admin,0,0
0003854609,767,000567,1,VT,2023-11-22 00:00:00.000,2030-11-30 00:00:00.000,,admin,0,0
0003836686,770,000570,1,VT,2023-11-22 00:00:00.000,2030-11-30 00:00:00.000,,admin,0,0
0003854601,773,000573,1,VT,2023-11-22 00:00:00.000,2030-11-30 00:00:00.000,,admin,0,0
0003836687,775,000575,1,VT,2023-11-22 00:00:00.000,2030-11-30 00:00:00.000,,admin,0,0
0003836688,776,000576,1,VT,2023-11-22 00:00:00.000,2030-11-30 00:00:00.000,,admin,0,0
0003850960,777,000577,1,VT,2023-11-22 00:00:00.000,2030-11-30 00:00:00.000,,admin,0,0
0003850970,779,000579,1,VT,2023-11-22 00:00:00.000,2030-11-30 00:00:00.000,,admin,0,0
0003836689,781,000581,1,VT,2023-11-22 00:00:00.000,2030-11-30 00:00:00.000,,admin,0,0
0003850962,783,000583,1,VT,2023-11-22 00:00:00.000,2030-11-30 00:00:00.000,,admin,0,0
0003850963,788,000588,1,VT,2023-11-22 00:00:00.000,2030-11-30 00:00:00.000,,admin,0,0
0003850968,789,000589,1,VT,2023-11-22 00:00:00.000,2030-11-30 00:00:00.000,,admin,0,0
0003842694,790,000590,1,VT,2023-11-22 00:00:00.000,2030-11-30 00:00:00.000,,admin,0,0
0003836691,791,000591,1,VT,2023-11-22 00:00:00.000,2030-11-30 00:00:00.000,,admin,0,0
0003850957,792,000592,1,VT,2023-11-22 00:00:00.000,2030-11-30 00:00:00.000,,admin,0,0
0003842696,800,000600,1,VT,2023-11-22 00:00:00.000,2030-11-30 00:00:00.000,,admin,0,0
0003811797,563,000363,1,VT,2023-11-22 00:00:00.000,2030-11-30 00:00:00.000,,admin,0,0
0003811815,565,000365,1,VT,2023-11-22 00:00:00.000,2030-11-30 00:00:00.000,,admin,0,0
0003811783,567,000367,1,VT,2023-11-22 00:00:00.000,2030-11-30 00:00:00.000,,admin,0,0
0003863045,577,000377,1,VT,2023-11-22 00:00:00.000,2030-11-30 00:00:00.000,,admin,0,0
0003863047,587,000387,1,VT,2023-11-22 00:00:00.000,2030-11-30 00:00:00.000,,admin,0,0
0003863052,588,000388,1,VT,2023-11-22 00:00:00.000,2030-11-30 00:00:00.000,,admin,0,0
0003863048,592,000392,1,VT,2023-11-22 00:00:00.000,2030-11-30 00:00:00.000,,admin,0,0
0003863053,593,000393,1,VT,2023-11-22 00:00:00.000,2030-11-30 00:00:00.000,,admin,0,0
0003861164,599,000399,1,VT,2023-11-22 00:00:00.000,2030-11-30 00:00:00.000,,admin,0,0
0003863016,611,000411,1,VT,2023-11-22 00:00:00.000,2030-11-30 00:00:00.000,,admin,0,0
0003835166,614,000414,1,VT,2023-11-22 00:00:00.000,2030-11-30 00:00:00.000,,admin,0,0
0003863011,617,000417,1,VT,2023-11-22 00:00:00.000,2030-11-30 00:00:00.000,,admin,0,0
0003861156,637,000437,1,VT,2023-11-22 00:00:00.000,2030-11-30 00:00:00.000,,admin,0,0
0003835135,640,000440,1,VT,2023-11-22 00:00:00.000,2030-11-30 00:00:00.000,,admin,0,0
0003816288,660,000460,1,VT,2023-11-22 00:00:00.000,2030-11-30 00:00:00.000,,admin,0,0
0003816016,666,000466,1,VT,2023-11-22 00:00:00.000,2030-11-30 00:00:00.000,,admin,0,0
0003816294,674,000474,1,VT,2023-11-22 00:00:00.000,2030-11-30 00:00:00.000,,admin,0,0
0003863268,704,000504,1,VT,2023-11-22 00:00:00.000,2030-11-30 00:00:00.000,,admin,0,0
0003863269,709,000509,1,VT,2023-11-22 00:00:00.000,2030-11-30 00:00:00.000,,admin,0,0
0003875072,735,000535,1,VT,2023-11-22 00:00:00.000,2030-11-30 00:00:00.000,,admin,0,0
0003815993,746,000546,1,VT,2023-11-22 00:00:00.000,2030-11-30 00:00:00.000,,admin,0,0
0003836683,755,000555,1,VT,2023-11-22 00:00:00.000,2030-11-30 00:00:00.000,,admin,0,0
0003854607,757,000557,1,VT,2023-11-22 00:00:00.000,2030-11-30 00:00:00.000,,admin,0,0
0003836680,764,000564,1,VT,2023-11-22 00:00:00.000,2030-11-30 00:00:00.000,,admin,0,0
0003854610,772,000572,1,VT,2023-11-22 00:00:00.000,2030-11-30 00:00:00.000,,admin,0,0
0003842693,785,000585,1,VT,2023-11-22 00:00:00.000,2030-11-30 00:00:00.000,,admin,0,0
0003836690,786,000586,1,VT,2023-11-22 00:00:00.000,2030-11-30 00:00:00.000,,admin,0,0
0003836692,796,000596,1,VT,2023-11-22 00:00:00.000,2030-11-30 00:00:00.000,,admin,0,0
0003850965,798,000598,1,VT,2023-11-22 00:00:00.000,2030-11-30 00:00:00.000,,admin,0,0
0003830035,901,000601,1,VT-XH,2023-11-22 00:00:00.000,2030-11-30 00:00:00.000,,admin,0,0
0003830026,902,000602,1,VT-XH,2023-11-22 00:00:00.000,2030-11-30 00:00:00.000,,admin,0,0
0003838023,908,000608,1,VT-XH,2023-11-22 00:00:00.000,2030-11-30 00:00:00.000,,admin,0,0
0003838020,909,000609,1,VT-XH,2023-11-22 00:00:00.000,2030-11-30 00:00:00.000,,admin,0,0
0003830033,911,000611,1,VT-XH,2023-11-22 00:00:00.000,2030-11-30 00:00:00.000,,admin,0,0
0003830028,912,000612,1,VT-XH,2023-11-22 00:00:00.000,2030-11-30 00:00:00.000,,admin,0,0
0003838019,914,000614,1,VT-XH,2023-11-22 00:00:00.000,2030-11-30 00:00:00.000,,admin,0,0
0003838014,915,000615,1,VT-XH,2023-11-22 00:00:00.000,2030-11-30 00:00:00.000,,admin,0,0
0003838025,918,000618,1,VT-XH,2023-11-22 00:00:00.000,2030-11-30 00:00:00.000,,admin,0,0
0003838015,920,000620,1,VT-XH,2023-11-22 00:00:00.000,2030-11-30 00:00:00.000,,admin,0,0
0003830711,928,000628,1,VT-XH,2023-11-22 00:00:00.000,2030-11-30 00:00:00.000,,admin,0,0
0003830701,930,000630,1,VT-XH,2023-11-22 00:00:00.000,2030-11-30 00:00:00.000,,admin,0,0
0003830039,931,000631,1,VT-XH,2023-11-22 00:00:00.000,2030-11-30 00:00:00.000,,admin,0,0
0003830712,933,000633,1,VT-XH,2023-11-22 00:00:00.000,2030-11-30 00:00:00.000,,admin,0,0
0003830702,935,000635,1,VT-XH,2023-11-22 00:00:00.000,2030-11-30 00:00:00.000,,admin,0,0
0003830688,937,000637,1,VT-XH,2023-11-22 00:00:00.000,2030-11-30 00:00:00.000,,admin,0,0
0003830713,938,000638,1,VT-XH,2023-11-22 00:00:00.000,2030-11-30 00:00:00.000,,admin,0,0
0003830037,941,000641,1,VT-XH,2023-11-22 00:00:00.000,2030-11-30 00:00:00.000,,admin,0,0
0003830707,944,000644,1,VT-XH,2023-11-22 00:00:00.000,2030-11-30 00:00:00.000,,admin,0,0
0003830686,947,000647,1,VT-XH,2023-11-22 00:00:00.000,2030-11-30 00:00:00.000,,admin,0,0
0003830715,948,000648,1,VT-XH,2023-11-22 00:00:00.000,2030-11-30 00:00:00.000,,admin,0,0
0003830705,950,000650,1,VT-XH,2023-11-22 00:00:00.000,2030-11-30 00:00:00.000,,admin,0,0
0003829995,951,000651,1,VT-XH,2023-11-22 00:00:00.000,2030-11-30 00:00:00.000,,admin,0,0
0003839842,953,000653,1,VT-XH,2023-11-22 00:00:00.000,2030-11-30 00:00:00.000,,admin,0,0
0003839843,954,000654,1,VT-XH,2023-11-22 00:00:00.000,2030-11-30 00:00:00.000,,admin,0,0
0003839834,957,000657,1,VT-XH,2023-11-22 00:00:00.000,2030-11-30 00:00:00.000,,admin,0,0
0003839821,960,000660,1,VT-XH,2023-11-22 00:00:00.000,2030-11-30 00:00:00.000,,admin,0,0
0003839840,963,000663,1,VT-XH,2023-11-22 00:00:00.000,2030-11-30 00:00:00.000,,admin,0,0
0003839845,964,000664,1,VT-XH,2023-11-22 00:00:00.000,2030-11-30 00:00:00.000,,admin,0,0
0003829992,966,000666,1,VT-XH,2023-11-22 00:00:00.000,2030-11-30 00:00:00.000,,admin,0,0
0003839836,967,000667,1,VT-XH,2023-11-22 00:00:00.000,2030-11-30 00:00:00.000,,admin,0,0
0003839846,969,000669,1,VT-XH,2023-11-22 00:00:00.000,2030-11-30 00:00:00.000,,admin,0,0
0003839819,970,000670,1,VT-XH,2023-11-22 00:00:00.000,2030-11-30 00:00:00.000,,admin,0,0
0003839838,973,000673,1,VT-XH,2023-11-22 00:00:00.000,2030-11-30 00:00:00.000,,admin,0,0
0003838087,976,000676,1,VT-XH,2023-11-22 00:00:00.000,2030-11-30 00:00:00.000,,admin,0,0
0003830775,979,000679,1,VT-XH,2023-11-22 00:00:00.000,2030-11-30 00:00:00.000,,admin,0,0
0003839893,980,000680,1,VT-XH,2023-11-22 00:00:00.000,2030-11-30 00:00:00.000,,admin,0,0
0003838078,982,000682,1,VT-XH,2023-11-22 00:00:00.000,2030-11-30 00:00:00.000,,admin,0,0
0003838075,983,000683,1,VT-XH,2023-11-22 00:00:00.000,2030-11-30 00:00:00.000,,admin,0,0
0003839892,985,000685,1,VT-XH,2023-11-22 00:00:00.000,2030-11-30 00:00:00.000,,admin,0,0
0003838084,986,000686,1,VT-XH,2023-11-22 00:00:00.000,2030-11-30 00:00:00.000,,admin,0,0
0003830773,989,000689,1,VT-XH,2023-11-22 00:00:00.000,2030-11-30 00:00:00.000,,admin,0,0
0003838080,992,000692,1,VT-XH,2023-11-22 00:00:00.000,2030-11-30 00:00:00.000,,admin,0,0
0003839890,995,000695,1,VT-XH,2023-11-22 00:00:00.000,2030-11-30 00:00:00.000,,admin,0,0
0003838081,997,000697,1,VT-XH,2023-11-22 00:00:00.000,2030-11-30 00:00:00.000,,admin,0,0
0003839888,1000,000700,1,VT-XH,2023-11-22 00:00:00.000,2030-11-30 00:00:00.000,,admin,0,0
0003830955,1,000701,1,VT,2024-05-15 00:00:00.000,2030-11-30 00:00:00.000,65A1234567890,admin,0,0
0003830946,2,000702,1,VT,2024-05-15 00:00:00.000,2030-11-30 00:00:00.000,4567890,admin,0,0
0003830954,6,000705,1,VT,2024-05-15 00:00:00.000,2030-11-30 00:00:00.000,4567890,admin,0,0
0003811819,573,000373,1,VT,2023-11-22 00:00:00.000,2030-11-30 00:00:00.000,,admin,0,0
0003835172,605,000405,1,VT,2023-11-22 00:00:00.000,2030-11-30 00:00:00.000,,admin,0,0
0003835159,623,000423,1,VT,2023-11-22 00:00:00.000,2030-11-30 00:00:00.000,,admin,0,0
0003835132,629,000429,1,VT,2023-11-22 00:00:00.000,2030-11-30 00:00:00.000,,admin,0,0
0003835131,634,000434,1,VT,2023-11-22 00:00:00.000,2030-11-30 00:00:00.000,,admin,0,0
0003816293,669,000469,1,VT,2023-11-22 00:00:00.000,2030-11-30 00:00:00.000,,admin,0,0
0003812563,676,000476,1,VT,2023-11-22 00:00:00.000,2030-11-30 00:00:00.000,,admin,0,0
0003861133,725,000525,1,VT,2023-11-22 00:00:00.000,2030-11-30 00:00:00.000,,admin,0,0
0003875075,750,000550,1,VT,2023-11-22 00:00:00.000,2030-11-30 00:00:00.000,,admin,0,0
0003854611,771,000571,1,VT,2023-11-22 00:00:00.000,2030-11-30 00:00:00.000,,admin,0,0
0003850961,778,000578,1,VT,2023-11-22 00:00:00.000,2030-11-30 00:00:00.000,,admin,0,0
0003850958,787,000587,1,VT,2023-11-22 00:00:00.000,2030-11-30 00:00:00.000,,admin,0,0
0003838012,905,000605,1,VT-XH,2023-11-22 00:00:00.000,2030-11-30 00:00:00.000,,admin,0,0
0003830031,921,000621,1,VT-XH,2023-11-22 00:00:00.000,2030-11-30 00:00:00.000,,admin,0,0
0003830030,922,000622,1,VT-XH,2023-11-22 00:00:00.000,2030-11-30 00:00:00.000,,admin,0,0
0003830040,926,000626,1,VT-XH,2023-11-22 00:00:00.000,2030-11-30 00:00:00.000,,admin,0,0
0003830704,945,000645,1,VT-XH,2023-11-22 00:00:00.000,2030-11-30 00:00:00.000,,admin,0,0
0003829993,961,000661,1,VT-XH,2023-11-22 00:00:00.000,2030-11-30 00:00:00.000,,admin,0,0
0003838077,977,000677,1,VT-XH,2023-11-22 00:00:00.000,2030-11-30 00:00:00.000,,admin,0,0
0003838073,993,000693,1,VT-XH,2023-11-22 00:00:00.000,2030-11-30 00:00:00.000,,admin,0,0
0003838072,998,000698,1,VT-XH,2023-11-22 00:00:00.000,2030-11-30 00:00:00.000,,admin,0,0
0003830945,3,000703,1,VT,2024-05-15 00:00:00.000,2030-11-30 00:00:00.000,4567890,admin,0,0
0003863010,622,000422,1,VT,2023-11-22 00:00:00.000,2030-11-30 00:00:00.000,,admin,0,0
0003835168,624,000424,1,VT,2023-11-22 00:00:00.000,2030-11-30 00:00:00.000,,admin,0,0
0003861149,626,000426,1,VT,2023-11-22 00:00:00.000,2030-11-30 00:00:00.000,,admin,0,0
0003861150,631,000431,1,VT,2023-11-22 00:00:00.000,2030-11-30 00:00:00.000,,admin,0,0
0003861152,641,000441,1,VT,2023-11-22 00:00:00.000,2030-11-30 00:00:00.000,,admin,0,0
0003835129,644,000444,1,VT,2023-11-22 00:00:00.000,2030-11-30 00:00:00.000,,admin,0,0
0003835136,645,000445,1,VT,2023-11-22 00:00:00.000,2030-11-30 00:00:00.000,,admin,0,0
0003861163,648,000448,1,VT,2023-11-22 00:00:00.000,2030-11-30 00:00:00.000,,admin,0,0
0003816018,656,000456,1,VT,2023-11-22 00:00:00.000,2030-11-30 00:00:00.000,,admin,0,0
0003816008,658,000458,1,VT,2023-11-22 00:00:00.000,2030-11-30 00:00:00.000,,admin,0,0
0003816291,659,000459,1,VT,2023-11-22 00:00:00.000,2030-11-30 00:00:00.000,,admin,0,0
0003816012,662,000462,1,VT,2023-11-22 00:00:00.000,2030-11-30 00:00:00.000,,admin,0,0
0003816286,670,000470,1,VT,2023-11-22 00:00:00.000,2030-11-30 00:00:00.000,,admin,0,0
0003816010,672,000472,1,VT,2023-11-22 00:00:00.000,2030-11-30 00:00:00.000,,admin,0,0
0003816004,673,000473,1,VT,2023-11-22 00:00:00.000,2030-11-30 00:00:00.000,,admin,0,0
0003812522,679,000479,1,VT,2023-11-22 00:00:00.000,2030-11-30 00:00:00.000,,admin,0,0
0003812562,681,000481,1,VT,2023-11-22 00:00:00.000,2030-11-30 00:00:00.000,,admin,0,0
0003812520,684,000484,1,VT,2023-11-22 00:00:00.000,2030-11-30 00:00:00.000,,admin,0,0
0003812561,686,000486,1,VT,2023-11-22 00:00:00.000,2030-11-30 00:00:00.000,,admin,0,0
0003812553,688,000488,1,VT,2023-11-22 00:00:00.000,2030-11-30 00:00:00.000,,admin,0,0
0003855320,690,000490,1,VT,2023-11-22 00:00:00.000,2030-11-30 00:00:00.000,,admin,0,0
0003812551,694,000494,1,VT,2023-11-22 00:00:00.000,2030-11-30 00:00:00.000,,admin,0,0
0003875034,706,000506,1,VT,2023-11-22 00:00:00.000,2030-11-30 00:00:00.000,,admin,0,0
0003863270,714,000514,1,VT,2023-11-22 00:00:00.000,2030-11-30 00:00:00.000,,admin,0,0
0003861134,720,000520,1,VT,2023-11-22 00:00:00.000,2030-11-30 00:00:00.000,,admin,0,0
0003875070,729,000529,1,VT,2023-11-22 00:00:00.000,2030-11-30 00:00:00.000,,admin,0,0
0003816001,738,000538,1,VT,2023-11-22 00:00:00.000,2030-11-30 00:00:00.000,,admin,0,0
0003816002,743,000543,1,VT,2023-11-22 00:00:00.000,2030-11-30 00:00:00.000,,admin,0,0
0003815998,747,000547,1,VT,2023-11-22 00:00:00.000,2030-11-30 00:00:00.000,,admin,0,0
0003854606,752,000552,1,VT,2023-11-22 00:00:00.000,2030-11-30 00:00:00.000,,admin,0,0
0003854604,758,000558,1,VT,2023-11-22 00:00:00.000,2030-11-30 00:00:00.000,,admin,0,0
0003854613,761,000561,1,VT,2023-11-22 00:00:00.000,2030-11-30 00:00:00.000,,admin,0,0
0003854608,762,000562,1,VT,2023-11-22 00:00:00.000,2030-11-30 00:00:00.000,,admin,0,0
0003854612,766,000566,1,VT,2023-11-22 00:00:00.000,2030-11-30 00:00:00.000,,admin,0,0
0003854602,768,000568,1,VT,2023-11-22 00:00:00.000,2030-11-30 00:00:00.000,,admin,0,0
0003836679,769,000569,1,VT,2023-11-22 00:00:00.000,2030-11-30 00:00:00.000,,admin,0,0
0003854600,774,000574,1,VT,2023-11-22 00:00:00.000,2030-11-30 00:00:00.000,,admin,0,0
0003850971,780,000580,1,VT,2023-11-22 00:00:00.000,2030-11-30 00:00:00.000,,admin,0,0
0003850969,784,000584,1,VT,2023-11-22 00:00:00.000,2030-11-30 00:00:00.000,,admin,0,0
0003836693,797,000597,1,VT,2023-11-22 00:00:00.000,2030-11-30 00:00:00.000,,admin,0,0
0003850966,799,000599,1,VT,2023-11-22 00:00:00.000,2030-11-30 00:00:00.000,,admin,0,0
0003838022,903,000603,1,VT-XH,2023-11-22 00:00:00.000,2030-11-30 00:00:00.000,,admin,0,0
0003830034,906,000606,1,VT-XH,2023-11-22 00:00:00.000,2030-11-30 00:00:00.000,,admin,0,0
0003838024,913,000613,1,VT-XH,2023-11-22 00:00:00.000,2030-11-30 00:00:00.000,,admin,0,0
0003830032,916,000616,1,VT-XH,2023-11-22 00:00:00.000,2030-11-30 00:00:00.000,,admin,0,0
0003838018,919,000619,1,VT-XH,2023-11-22 00:00:00.000,2030-11-30 00:00:00.000,,admin,0,0
0003838026,923,000623,1,VT-XH,2023-11-22 00:00:00.000,2030-11-30 00:00:00.000,,admin,0,0
0003838016,925,000625,1,VT-XH,2023-11-22 00:00:00.000,2030-11-30 00:00:00.000,,admin,0,0
0003830689,932,000632,1,VT-XH,2023-11-22 00:00:00.000,2030-11-30 00:00:00.000,,admin,0,0
0003830709,934,000634,1,VT-XH,2023-11-22 00:00:00.000,2030-11-30 00:00:00.000,,admin,0,0
0003830038,936,000636,1,VT-XH,2023-11-22 00:00:00.000,2030-11-30 00:00:00.000,,admin,0,0
0003830708,939,000639,1,VT-XH,2023-11-22 00:00:00.000,2030-11-30 00:00:00.000,,admin,0,0
0003830687,942,000642,1,VT-XH,2023-11-22 00:00:00.000,2030-11-30 00:00:00.000,,admin,0,0
0003839833,952,000652,1,VT-XH,2023-11-22 00:00:00.000,2030-11-30 00:00:00.000,,admin,0,0
0003839822,955,000655,1,VT-XH,2023-11-22 00:00:00.000,2030-11-30 00:00:00.000,,admin,0,0
0003839841,958,000658,1,VT-XH,2023-11-22 00:00:00.000,2030-11-30 00:00:00.000,,admin,0,0
0003839839,968,000668,1,VT-XH,2023-11-22 00:00:00.000,2030-11-30 00:00:00.000,,admin,0,0
0003829991,971,000671,1,VT-XH,2023-11-22 00:00:00.000,2030-11-30 00:00:00.000,,admin,0,0
0003839847,974,000674,1,VT-XH,2023-11-22 00:00:00.000,2030-11-30 00:00:00.000,,admin,0,0
0003830774,984,000684,1,VT-XH,2023-11-22 00:00:00.000,2030-11-30 00:00:00.000,,admin,0,0
0003838079,987,000687,1,VT-XH,2023-11-22 00:00:00.000,2030-11-30 00:00:00.000,,admin,0,0
0003839891,990,000690,1,VT-XH,2023-11-22 00:00:00.000,2030-11-30 00:00:00.000,,admin,0,0
0003835134,635,000435,1,VT,2023-11-22 00:00:00.000,2030-11-30 00:00:00.000,,admin,0,0
0003861161,638,000438,1,VT,2023-11-22 00:00:00.000,2030-11-30 00:00:00.000,,admin,0,0
0003861158,647,000447,1,VT,2023-11-22 00:00:00.000,2030-11-30 00:00:00.000,,admin,0,0
0003835137,650,000450,1,VT,2023-11-22 00:00:00.000,2030-11-30 00:00:00.000,,admin,0,0
0003816019,651,000451,1,VT,2023-11-22 00:00:00.000,2030-11-30 00:00:00.000,,admin,0,0
0003816017,661,000461,1,VT,2023-11-22 00:00:00.000,2030-11-30 00:00:00.000,,admin,0,0
0003816005,668,000468,1,VT,2023-11-22 00:00:00.000,2030-11-30 00:00:00.000,,admin,0,0
0003812556,687,000487,1,VT,2023-11-22 00:00:00.000,2030-11-30 00:00:00.000,,admin,0,0
0003855321,695,000495,1,VT,2023-11-22 00:00:00.000,2030-11-30 00:00:00.000,,admin,0,0
0003812554,697,000497,1,VT,2023-11-22 00:00:00.000,2030-11-30 00:00:00.000,,admin,0,0
0003861135,715,000515,1,VT,2023-11-22 00:00:00.000,2030-11-30 00:00:00.000,,admin,0,0
0003875024,718,000518,1,VT,2023-11-22 00:00:00.000,2030-11-30 00:00:00.000,,admin,0,0
0003875022,719,000519,1,VT,2023-11-22 00:00:00.000,2030-11-30 00:00:00.000,,admin,0,0
0003875023,723,000523,1,VT,2023-11-22 00:00:00.000,2030-11-30 00:00:00.000,,admin,0,0
0003815999,728,000528,1,VT,2023-11-22 00:00:00.000,2030-11-30 00:00:00.000,,admin,0,0
0003816000,733,000533,1,VT,2023-11-22 00:00:00.000,2030-11-30 00:00:00.000,,admin,0,0
0003815991,736,000536,1,VT,2023-11-22 00:00:00.000,2030-11-30 00:00:00.000,,admin,0,0
0003815996,737,000537,1,VT,2023-11-22 00:00:00.000,2030-11-30 00:00:00.000,,admin,0,0
0003875068,739,000539,1,VT,2023-11-22 00:00:00.000,2030-11-30 00:00:00.000,,admin,0,0
0003875073,740,000540,1,VT,2023-11-22 00:00:00.000,2030-11-30 00:00:00.000,,admin,0,0
0003815997,742,000542,1,VT,2023-11-22 00:00:00.000,2030-11-30 00:00:00.000,,admin,0,0
0003875074,745,000545,1,VT,2023-11-22 00:00:00.000,2030-11-30 00:00:00.000,,admin,0,0
0003854359,751,000551,1,VT,2023-11-22 00:00:00.000,2030-11-30 00:00:00.000,,admin,0,0
0003836685,765,000565,1,VT,2023-11-22 00:00:00.000,2030-11-30 00:00:00.000,,admin,0,0
0003850959,782,000582,1,VT,2023-11-22 00:00:00.000,2030-11-30 00:00:00.000,,admin,0,0
0003850964,793,000593,1,VT,2023-11-22 00:00:00.000,2030-11-30 00:00:00.000,,admin,0,0
0003850967,794,000594,1,VT,2023-11-22 00:00:00.000,2030-11-30 00:00:00.000,,admin,0,0
0003842695,795,000595,1,VT,2023-11-22 00:00:00.000,2030-11-30 00:00:00.000,,admin,0,0
0003830027,907,000607,1,VT-XH,2023-11-22 00:00:00.000,2030-11-30 00:00:00.000,,admin,0,0
0003838013,910,000610,1,VT-XH,2023-11-22 00:00:00.000,2030-11-30 00:00:00.000,,admin,0,0
0003830710,929,000629,1,VT-XH,2023-11-22 00:00:00.000,2030-11-30 00:00:00.000,,admin,0,0
0003830036,946,000646,1,VT-XH,2023-11-22 00:00:00.000,2030-11-30 00:00:00.000,,admin,0,0
0003830706,949,000649,1,VT-XH,2023-11-22 00:00:00.000,2030-11-30 00:00:00.000,,admin,0,0
0003839835,962,000662,1,VT-XH,2023-11-22 00:00:00.000,2030-11-30 00:00:00.000,,admin,0,0
0003839820,965,000665,1,VT-XH,2023-11-22 00:00:00.000,2030-11-30 00:00:00.000,,admin,0,0
0003838076,978,000678,1,VT-XH,2023-11-22 00:00:00.000,2030-11-30 00:00:00.000,,admin,0,0
0003838086,981,000681,1,VT-XH,2023-11-22 00:00:00.000,2030-11-30 00:00:00.000,,admin,0,0
0003830772,994,000694,1,VT-XH,2023-11-22 00:00:00.000,2030-11-30 00:00:00.000,,admin,0,0
0003830771,999,000699,1,VT-XH,2023-11-22 00:00:00.000,2030-11-30 00:00:00.000,,admin,0,0
0003838021,904,000604,1,VT-XH,2023-11-22 00:00:00.000,2030-11-30 00:00:00.000,,admin,0,0
0003830029,917,000617,1,VT-XH,2023-11-22 00:00:00.000,2030-11-30 00:00:00.000,,admin,0,0
0003838017,924,000624,1,VT-XH,2023-11-22 00:00:00.000,2030-11-30 00:00:00.000,,admin,0,0
0003830690,927,000627,1,VT-XH,2023-11-22 00:00:00.000,2030-11-30 00:00:00.000,,admin,0,0
0003830703,940,000640,1,VT-XH,2023-11-22 00:00:00.000,2030-11-30 00:00:00.000,,admin,0,0
0003830714,943,000643,1,VT-XH,2023-11-22 00:00:00.000,2030-11-30 00:00:00.000,,admin,0,0
0003829994,956,000656,1,VT-XH,2023-11-22 00:00:00.000,2030-11-30 00:00:00.000,,admin,0,0
0003839844,959,000659,1,VT-XH,2023-11-22 00:00:00.000,2030-11-30 00:00:00.000,,admin,0,0
0003839837,972,000672,1,VT-XH,2023-11-22 00:00:00.000,2030-11-30 00:00:00.000,,admin,0,0
0003839818,975,000675,1,VT-XH,2023-11-22 00:00:00.000,2030-11-30 00:00:00.000,,admin,0,0
0003838074,988,000688,1,VT-XH,2023-11-22 00:00:00.000,2030-11-30 00:00:00.000,,admin,0,0
0003838083,991,000691,1,VT-XH,2023-11-22 00:00:00.000,2030-11-30 00:00:00.000,,admin,0,0
0003838082,996,000696,1,VT-XH,2023-11-22 00:00:00.000,2030-11-30 00:00:00.000,,admin,0,0
0003840281,4,000704,1,VT,2024-05-15 00:00:00.000,2030-11-30 00:00:00.000,4567890,admin,0,0
0003830947,7,000706,1,VT,2024-05-15 00:00:00.000,2030-11-30 00:00:00.000,4567890,admin,0,0
